{
  "project_info": {
    "project_number": "885324598623",
    "firebase_url": "https://projectintrn.firebaseio.com",
    "project_id": "projectintrn",
    "storage_bucket": "projectintrn.appspot.com"
  },
  "client": [
    {
      "client_info": {
        "mobilesdk_app_id": "1:885324598623:android:12cee2727f70b008",
        "android_client_info": {
          "package_name": "com.utilte.projectintrn"
        }
      },
      "oauth_client": [
        {
          "client_id": "885324598623-94t4tq0ng7rqhkvkr1gsihip4q00i683.apps.googleusercontent.com",
          "client_type": 1,
          "android_info": {
            "package_name": "com.utilte.projectintrn",
            "certificate_hash": "5eb6a6800d61071379e0a67aab1fba052932e5d8"
          }
        },
        {
          "client_id": "885324598623-j5qlurv35fl2rm6b10fgpfrt53ummmfu.apps.googleusercontent.com",
          "client_type": 3
        }
      ],
      "api_key": [
        {
          "current_key": "AIzaSyDz5EviPfls_8w4llQEJ5kwOdV957wo__8"
        }
      ],
      "services": {
        "analytics_service": {
          "status": 1
        },
        "appinvite_service": {
          "status": 2,
          "other_platform_oauth_client": [
            {
              "client_id": "885324598623-j5qlurv35fl2rm6b10fgpfrt53ummmfu.apps.googleusercontent.com",
              "client_type": 3
            }
          ]
        },
        "ads_service": {
          "status": 2
        }
      }
    }
  ],
  "configuration_version": "1"
}